campo,tipo,archivos_con_campo,pct_presencia,veces_nulo,pct_nulo_sobre_presentes
SIMPLE,bool,1584,100.0,0,0.0
BITPIX,num,1584,100.0,0,0.0
NAXIS,num,1584,100.0,0,0.0
NAXIS1,num,1584,100.0,0,0.0
NAXIS2,num,1584,100.0,0,0.0
EXTEND,bool,1584,100.0,0,0.0
ORIGIN,txt,1584,100.0,0,0.0
DATE,txt,1584,100.0,0,0.0
TELESCOP,txt,1584,100.0,0,0.0
INSTRUME,txt,1584,100.0,0,0.0
OBJECT,txt,1584,100.0,0,0.0
EXPTIME,num,1584,100.0,0,0.0
MJD-OBS,num,1584,100.0,0,0.0
DATE-OBS,txt,1584,100.0,0,0.0
PI-COI,txt,1584,100.0,628,39.6
ESO DET DID,txt,1584,100.0,0,0.0
ESO DET EXP NO,num,1584,100.0,0,0.0
ESO DET FRAM TYPE,txt,1584,100.0,0,0.0
ESO DPR CATG,txt,1584,100.0,0,0.0
ESO DPR TECH,txt,1584,100.0,0,0.0
ESO DPR TYPE,txt,1584,100.0,0,0.0
ESO INS ADC1 DEC,num,1584,100.0,0,0.0
ESO INS ADC1 ENC END,num,1584,100.0,0,0.0
ESO INS ADC1 ENC START,num,1584,100.0,0,0.0
ESO INS ADC1 END,num,1584,100.0,0,0.0
ESO INS ADC1 MODE,txt,1584,100.0,0,0.0
ESO INS ADC1 RA,num,1584,100.0,0,0.0
ESO INS ADC1 START,num,1584,100.0,0,0.0
ESO INS ADC2 DEC,num,1584,100.0,0,0.0
ESO INS ADC2 ENC END,num,1584,100.0,0,0.0
ESO INS ADC2 ENC START,num,1584,100.0,0,0.0
ESO INS ADC2 END,num,1584,100.0,0,0.0
ESO INS ADC2 MODE,txt,1584,100.0,0,0.0
ESO INS ADC2 RA,num,1584,100.0,0,0.0
ESO INS ADC2 START,num,1584,100.0,0,0.0
ESO INS ADC3 DEC,num,1584,100.0,0,0.0
ESO INS ADC3 ENC END,num,1584,100.0,0,0.0
ESO INS ADC3 ENC START,num,1584,100.0,0,0.0
ESO INS ADC3 END,num,1584,100.0,0,0.0
ESO INS ADC3 MODE,txt,1584,100.0,0,0.0
ESO INS ADC3 RA,num,1584,100.0,0,0.0
ESO INS ADC3 START,num,1584,100.0,0,0.0
ESO INS ADC4 DEC,num,1584,100.0,0,0.0
ESO INS ADC4 ENC END,num,1584,100.0,0,0.0
ESO INS ADC4 ENC START,num,1584,100.0,0,0.0
ESO INS ADC4 END,num,1584,100.0,0,0.0
ESO INS ADC4 MODE,txt,1584,100.0,0,0.0
ESO INS ADC4 RA,num,1584,100.0,0,0.0
ESO INS ADC4 START,num,1584,100.0,0,0.0
ESO INS DATE,txt,1584,100.0,0,0.0
ESO INS DID1,txt,1584,100.0,0,0.0
ESO INS DID2,txt,1584,100.0,0,0.0
ESO INS FILT1 ID,txt,1584,100.0,0,0.0
ESO INS FILT1 NAME,txt,1584,100.0,0,0.0
ESO INS FILT1 NO,num,1584,100.0,0,0.0
ESO INS FOCU1 ENC,num,1584,100.0,0,0.0
ESO INS FOCU1 POS,num,1584,100.0,0,0.0
ESO INS FOCU2 ENC,num,1584,100.0,0,0.0
ESO INS FOCU2 POS,num,1584,100.0,0,0.0
ESO INS ID,txt,1584,100.0,0,0.0
ESO INS MIRR1 ID,txt,1584,100.0,100,6.3
ESO INS MIRR1 NAME,txt,1584,100.0,100,6.3
ESO INS MIRR1 NO,num,1584,100.0,0,0.0
ESO INS MODE,txt,1584,100.0,0,0.0
ESO INS OPTI2 ID,txt,1584,100.0,0,0.0
ESO INS OPTI2 NAME,txt,1584,100.0,0,0.0
ESO INS OPTI2 NO,num,1584,100.0,0,0.0
ESO INS OPTI2 TYPE,txt,1584,100.0,0,0.0
ESO INS OPTI3 ID,txt,1584,100.0,0,0.0
ESO INS OPTI3 NAME,txt,1584,100.0,0,0.0
ESO INS OPTI3 NO,num,1584,100.0,0,0.0
ESO INS OPTI3 TYPE,txt,1584,100.0,0,0.0
ESO INS OPTI4 ID,txt,1584,100.0,0,0.0
ESO INS OPTI4 NAME,txt,1584,100.0,0,0.0
ESO INS OPTI4 NO,num,1584,100.0,0,0.0
ESO INS OPTI4 TYPE,txt,1584,100.0,0,0.0
ESO INS OPTI5 ID,txt,1584,100.0,0,0.0
ESO INS OPTI5 NAME,txt,1584,100.0,0,0.0
ESO INS OPTI5 NO,num,1584,100.0,0,0.0
ESO INS OPTI5 TYPE,txt,1584,100.0,0,0.0
ESO INS PATH,txt,1584,100.0,0,0.0
ESO INS SENS21 ID,txt,1584,100.0,0,0.0
ESO INS SENS21 NAME,txt,1584,100.0,0,0.0
ESO INS SENS21 VAL,num,1584,100.0,0,0.0
ESO INS SENS60 ID,txt,1584,100.0,0,0.0
ESO INS SENS60 NAME,txt,1584,100.0,0,0.0
ESO INS SENS60 VAL,num,1584,100.0,0,0.0
ESO INS SENS81 ID,txt,1584,100.0,0,0.0
ESO INS SENS81 NAME,txt,1584,100.0,0,0.0
ESO INS SENS81 VAL,num,1584,100.0,0,0.0
ESO INS SENS82 ID,txt,1584,100.0,0,0.0
ESO INS SENS82 NAME,txt,1584,100.0,0,0.0
ESO INS SENS82 VAL,num,1584,100.0,0,0.0
ESO INS SENSOR1 ID,txt,1584,100.0,0,0.0
ESO INS SENSOR1 NAME,txt,1584,100.0,0,0.0
ESO INS SENSOR4 ID,txt,1584,100.0,0,0.0
ESO INS SENSOR4 NAME,txt,1584,100.0,0,0.0
ESO INS SENSOR4 SWSIM,bool,1584,100.0,0,0.0
ESO INS SENSOR5 ID,txt,1584,100.0,0,0.0
ESO INS SENSOR5 NAME,txt,1584,100.0,0,0.0
ESO INS SENSOR6 ID,txt,1584,100.0,0,0.0
ESO INS SENSOR6 NAME,txt,1584,100.0,0,0.0
ESO INS SENSOR7 ID,txt,1584,100.0,0,0.0
ESO INS SENSOR7 NAME,txt,1584,100.0,0,0.0
ESO INS SHUT1 ID,txt,1584,100.0,0,0.0
ESO INS SHUT1 NAME,txt,1584,100.0,0,0.0
ESO INS SHUT1 ST,bool,1584,100.0,0,0.0
ESO INS SWSIM,txt,1584,100.0,0,0.0
ESO INS TEMP1 ID,txt,1584,100.0,0,0.0
ESO INS TEMP1 NAME,txt,1584,100.0,0,0.0
ESO INS TEMP1 VAL,num,1584,100.0,0,0.0
ESO INS TEMP10 ID,txt,1584,100.0,0,0.0
ESO INS TEMP10 NAME,txt,1584,100.0,0,0.0
ESO INS TEMP10 VAL,num,1584,100.0,0,0.0
ESO INS TEMP11 ID,txt,1584,100.0,0,0.0
ESO INS TEMP11 NAME,txt,1584,100.0,0,0.0
ESO INS TEMP11 VAL,num,1584,100.0,0,0.0
ESO INS TEMP2 ID,txt,1584,100.0,0,0.0
ESO INS TEMP2 NAME,txt,1584,100.0,0,0.0
ESO INS TEMP2 VAL,num,1584,100.0,0,0.0
ESO INS TEMP21 ID,txt,1584,100.0,0,0.0
ESO INS TEMP21 NAME,txt,1584,100.0,0,0.0
ESO INS TEMP21 VAL,num,1584,100.0,0,0.0
ESO INS TEMP22 ID,txt,1584,100.0,0,0.0
ESO INS TEMP22 NAME,txt,1584,100.0,0,0.0
ESO INS TEMP22 VAL,num,1584,100.0,0,0.0
ESO INS TEMP23 ID,txt,1584,100.0,0,0.0
ESO INS TEMP23 NAME,txt,1584,100.0,0,0.0
ESO INS TEMP23 VAL,num,1584,100.0,0,0.0
ESO INS TEMP24 ID,txt,1584,100.0,0,0.0
ESO INS TEMP24 NAME,txt,1584,100.0,0,0.0
ESO INS TEMP24 VAL,num,1584,100.0,0,0.0
ESO INS TEMP3 ID,txt,1584,100.0,0,0.0
ESO INS TEMP3 NAME,txt,1584,100.0,0,0.0
ESO INS TEMP3 VAL,num,1584,100.0,0,0.0
ESO INS TEMP4 ID,txt,1584,100.0,0,0.0
ESO INS TEMP4 NAME,txt,1584,100.0,0,0.0
ESO INS TEMP4 VAL,num,1584,100.0,0,0.0
ESO INS TEMP5 ID,txt,1584,100.0,0,0.0
ESO INS TEMP5 NAME,txt,1584,100.0,0,0.0
ESO INS TEMP5 VAL,num,1584,100.0,0,0.0
ESO INS TEMP6 ID,txt,1584,100.0,0,0.0
ESO INS TEMP6 NAME,txt,1584,100.0,0,0.0
ESO INS TEMP6 VAL,num,1584,100.0,0,0.0
ESO INS TEMP7 ID,txt,1584,100.0,0,0.0
ESO INS TEMP7 NAME,txt,1584,100.0,0,0.0
ESO INS TEMP7 VAL,num,1584,100.0,0,0.0
ESO INS TEMP8 ID,txt,1584,100.0,0,0.0
ESO INS TEMP8 NAME,txt,1584,100.0,0,0.0
ESO INS TEMP8 VAL,num,1584,100.0,0,0.0
ESO INS TEMP80 ID,txt,1584,100.0,0,0.0
ESO INS TEMP80 NAME,txt,1584,100.0,0,0.0
ESO INS TEMP80 VAL,num,1584,100.0,0,0.0
ESO INS TEMP81 ID,txt,1584,100.0,0,0.0
ESO INS TEMP81 NAME,txt,1584,100.0,0,0.0
ESO INS TEMP81 VAL,num,1584,100.0,0,0.0
ESO INS TEMP82 ID,txt,1584,100.0,0,0.0
ESO INS TEMP82 NAME,txt,1584,100.0,0,0.0
ESO INS TEMP82 VAL,num,1584,100.0,0,0.0
ESO INS TEMP83 ID,txt,1584,100.0,0,0.0
ESO INS TEMP83 NAME,txt,1584,100.0,0,0.0
ESO INS TEMP83 VAL,num,1584,100.0,0,0.0
ESO INS TEMP84 ID,txt,1584,100.0,0,0.0
ESO INS TEMP84 NAME,txt,1584,100.0,0,0.0
ESO INS TEMP84 VAL,num,1584,100.0,0,0.0
ESO INS TEMP85 ID,txt,1584,100.0,0,0.0
ESO INS TEMP85 NAME,txt,1584,100.0,0,0.0
ESO INS TEMP85 VAL,num,1584,100.0,0,0.0
ESO INS TEMP86 ID,txt,1584,100.0,0,0.0
ESO INS TEMP86 NAME,txt,1584,100.0,0,0.0
ESO INS TEMP86 VAL,num,1584,100.0,0,0.0
ESO INS TEMP9 ID,txt,1584,100.0,0,0.0
ESO INS TEMP9 NAME,txt,1584,100.0,0,0.0
ESO INS TEMP9 VAL,num,1584,100.0,0,0.0
ESO INS TEMP90 ID,txt,1584,100.0,0,0.0
ESO INS TEMP90 NAME,txt,1584,100.0,0,0.0
ESO INS TEMP90 VAL,num,1584,100.0,0,0.0
ESO INS TILT1 AFCX,num,1584,100.0,0,0.0
ESO INS TILT1 AFCY,num,1584,100.0,0,0.0
ESO INS TILT1 CONVX,num,1584,100.0,0,0.0
ESO INS TILT1 CONVY,num,1584,100.0,0,0.0
ESO INS TILT1 ENGX,num,1584,100.0,0,0.0
ESO INS TILT1 ENGY,num,1584,100.0,0,0.0
ESO INS TILT1 ID,txt,1584,100.0,0,0.0
ESO INS TILT1 MODE,txt,1584,100.0,0,0.0
ESO INS TILT1 NAME,txt,1584,100.0,0,0.0
ESO INS TILT1 OFFSETX,num,1584,100.0,0,0.0
ESO INS TILT1 OFFSETY,num,1584,100.0,0,0.0
ESO INS TILT1 POSXEND,num,1584,100.0,0,0.0
ESO INS TILT1 POSXSTART,num,1584,100.0,0,0.0
ESO INS TILT1 POSYEND,num,1584,100.0,0,0.0
ESO INS TILT1 POSYSTART,num,1584,100.0,0,0.0
ESO INS TILT1 REFRACXEND,num,1584,100.0,0,0.0
ESO INS TILT1 REFRACXST,num,1584,100.0,0,0.0
ESO INS TILT1 REFRACYEND,num,1584,100.0,0,0.0
ESO INS TILT1 REFRACYST,num,1584,100.0,0,0.0
ESO INS TILT2 AFCX,num,1584,100.0,0,0.0
ESO INS TILT2 AFCY,num,1584,100.0,0,0.0
ESO INS TILT2 CONVX,num,1584,100.0,0,0.0
ESO INS TILT2 CONVY,num,1584,100.0,0,0.0
ESO INS TILT2 ENGX,num,1584,100.0,0,0.0
ESO INS TILT2 ENGY,num,1584,100.0,0,0.0
ESO INS TILT2 ID,txt,1584,100.0,0,0.0
ESO INS TILT2 MODE,txt,1584,100.0,0,0.0
ESO INS TILT2 NAME,txt,1584,100.0,0,0.0
ESO INS TILT2 OFFSETX,num,1584,100.0,0,0.0
ESO INS TILT2 OFFSETY,num,1584,100.0,0,0.0
ESO INS TILT2 POSXEND,num,1584,100.0,0,0.0
ESO INS TILT2 POSXSTART,num,1584,100.0,0,0.0
ESO INS TILT2 POSYEND,num,1584,100.0,0,0.0
ESO INS TILT2 POSYSTART,num,1584,100.0,0,0.0
ESO INS TILT2 REFRACXEND,num,1584,100.0,0,0.0
ESO INS TILT2 REFRACXST,num,1584,100.0,0,0.0
ESO INS TILT2 REFRACYEND,num,1584,100.0,0,0.0
ESO INS TILT2 REFRACYST,num,1584,100.0,0,0.0
ESO INS TILT3 AFCX,num,1584,100.0,0,0.0
ESO INS TILT3 AFCY,num,1584,100.0,0,0.0
ESO INS TILT3 CONVX,num,1584,100.0,0,0.0
ESO INS TILT3 CONVY,num,1584,100.0,0,0.0
ESO INS TILT3 ENGX,num,1584,100.0,0,0.0
ESO INS TILT3 ENGY,num,1584,100.0,0,0.0
ESO INS TILT3 ID,txt,1584,100.0,0,0.0
ESO INS TILT3 MODE,txt,1584,100.0,0,0.0
ESO INS TILT3 NAME,txt,1584,100.0,0,0.0
ESO INS TILT3 OFFSETX,num,1584,100.0,0,0.0
ESO INS TILT3 OFFSETY,num,1584,100.0,0,0.0
ESO INS TILT3 POSXEND,num,1584,100.0,0,0.0
ESO INS TILT3 POSXSTART,num,1584,100.0,0,0.0
ESO INS TILT3 POSYEND,num,1584,100.0,0,0.0
ESO INS TILT3 POSYSTART,num,1584,100.0,0,0.0
ESO INS TILT3 REFRACXEND,num,1584,100.0,0,0.0
ESO INS TILT3 REFRACXST,num,1584,100.0,0,0.0
ESO INS TILT3 REFRACYEND,num,1584,100.0,0,0.0
ESO INS TILT3 REFRACYST,num,1584,100.0,0,0.0
ESO OBS DID,txt,1584,100.0,0,0.0
ESO OBS GRP,txt,1584,100.0,0,0.0
ESO OBS ID,num,1584,100.0,0,0.0
ESO OBS NAME,txt,1584,100.0,0,0.0
ESO OBS NTPL,num,1584,100.0,0,0.0
ESO OBS PI-COI ID,num,1584,100.0,0,0.0
ESO OBS PI-COI NAME,txt,1584,100.0,628,39.6
ESO OBS PROG ID,txt,1584,100.0,0,0.0
ESO OBS START,txt,1584,100.0,0,0.0
ESO OBS TPLNO,num,1584,100.0,0,0.0
ESO SEQ ARM,txt,1584,100.0,0,0.0
ESO TPL DID,txt,1584,100.0,0,0.0
ESO TPL EXPNO,num,1584,100.0,0,0.0
ESO TPL ID,txt,1584,100.0,0,0.0
ESO TPL NAME,txt,1584,100.0,0,0.0
ESO TPL NEXP,num,1584,100.0,0,0.0
ESO TPL PRESEQ,txt,1584,100.0,0,0.0
ESO TPL START,txt,1584,100.0,0,0.0
ESO TPL VERSION,txt,1584,100.0,0,0.0
ORIGFILE,txt,1584,100.0,0,0.0
ARCFILE,txt,1584,100.0,0,0.0
CHECKSUM,txt,1584,100.0,0,0.0
DATASUM,txt,1584,100.0,0,0.0
BZERO,num,1261,79.6,0,0.0
BSCALE,num,1261,79.6,0,0.0
CTYPE1,txt,1261,79.6,0,0.0
CTYPE2,txt,1261,79.6,0,0.0
CRPIX1,num,1261,79.6,0,0.0
CRPIX2,num,1261,79.6,0,0.0
CRVAL1,num,1261,79.6,0,0.0
CRVAL2,num,1261,79.6,0,0.0
ESO DET BITS,num,1261,79.6,0,0.0
ESO DET CHIP1 ID,txt,1261,79.6,0,0.0
ESO DET CHIP1 NAME,txt,1261,79.6,0,0.0
ESO DET CHIP1 NX,num,1261,79.6,0,0.0
ESO DET CHIP1 NY,num,1261,79.6,0,0.0
ESO DET CHIP1 PSZX,num,1261,79.6,0,0.0
ESO DET CHIP1 PSZY,num,1261,79.6,0,0.0
ESO DET CHIP1 X,num,1261,79.6,0,0.0
ESO DET CHIP1 Y,num,1261,79.6,0,0.0
ESO DET DATE,txt,1261,79.6,0,0.0
ESO DET DEC,num,1261,79.6,0,0.0
ESO DET EXP RDTTIME,num,1261,79.6,0,0.0
ESO DET EXP TYPE,txt,1261,79.6,0,0.0
ESO DET EXP XFERTIM,num,1261,79.6,0,0.0
ESO DET FRAM ID,num,1261,79.6,0,0.0
ESO DET ID,txt,1261,79.6,0,0.0
ESO DET NAME,txt,1261,79.6,0,0.0
ESO DET OUT1 CHIP,num,1261,79.6,0,0.0
ESO DET OUT1 CONAD,num,1261,79.6,0,0.0
ESO DET OUT1 GAIN,num,1261,79.6,0,0.0
ESO DET OUT1 NAME,txt,1261,79.6,0,0.0
ESO DET OUT1 NX,num,1261,79.6,0,0.0
ESO DET OUT1 NY,num,1261,79.6,0,0.0
ESO DET OUT1 OVSCX,num,1261,79.6,0,0.0
ESO DET OUT1 PRSCX,num,1261,79.6,0,0.0
ESO DET OUT1 RON,num,1261,79.6,0,0.0
ESO DET OUT1 X,num,1261,79.6,0,0.0
ESO DET OUT1 Y,num,1261,79.6,0,0.0
ESO DET RA,num,1261,79.6,0,0.0
ESO DET READ CLOCK,txt,1261,79.6,0,0.0
ESO DET READ MODE,txt,1261,79.6,0,0.0
ESO DET READ SPEED,txt,1261,79.6,0,0.0
ESO DET SOFW MODE,txt,1261,79.6,0,0.0
ESO DET WIN1 BINX,num,1261,79.6,0,0.0
ESO DET WIN1 BINY,num,1261,79.6,0,0.0
ESO DET WIN1 DIT1,num,1261,79.6,0,0.0
ESO DET WIN1 DKTM,num,1261,79.6,0,0.0
ESO DET WIN1 NDIT,num,1261,79.6,0,0.0
ESO DET WIN1 NX,num,1261,79.6,0,0.0
ESO DET WIN1 NY,num,1261,79.6,0,0.0
ESO DET WIN1 STRX,num,1261,79.6,0,0.0
ESO DET WIN1 STRY,num,1261,79.6,0,0.0
ESO DET WIN1 UIT1,num,1261,79.6,0,0.0
ESO DET WINDOWS,num,1261,79.6,0,0.0
CDELT1,num,1076,67.9,0,0.0
CDELT2,num,1076,67.9,0,0.0
ESO DET CHIP1 DATE,txt,1076,67.9,0,0.0
ESO DET CHIP1 INDEX,num,1076,67.9,0,0.0
ESO DET CHIP1 XGAP,num,1076,67.9,0,0.0
ESO DET CHIP1 YGAP,num,1076,67.9,0,0.0
ESO DET CHIPS,num,1076,67.9,0,0.0
ESO DET OUT1 ID,txt,1076,67.9,0,0.0
ESO DET OUT1 INDEX,num,1076,67.9,0,0.0
ESO DET OUT1 OVSCY,num,1076,67.9,0,0.0
ESO DET OUT1 PRSCY,num,1076,67.9,0,0.0
ESO DET OUTPUTS,num,1076,67.9,0,0.0
ESO DET OUTREF,num,1076,67.9,0,0.0
ESO DET READ NFRAM,num,1076,67.9,0,0.0
ESO DET SHUT ID,txt,1076,67.9,0,0.0
ESO DET SHUT TMCLOS,num,1076,67.9,0,0.0
ESO DET SHUT TMOPEN,num,1076,67.9,0,0.0
ESO DET SHUT TYPE,txt,1076,67.9,0,0.0
ESO DET TELE INT,num,1076,67.9,0,0.0
ESO DET TELE NO,num,1076,67.9,0,0.0
ESO DET TLM1 END,num,1076,67.9,0,0.0
ESO DET TLM1 ID,txt,1076,67.9,0,0.0
ESO DET TLM1 NAME,txt,1076,67.9,0,0.0
ESO DET TLM1 START,num,1076,67.9,0,0.0
ESO DET TLM2 END,num,1076,67.9,0,0.0
ESO DET TLM2 ID,txt,1076,67.9,0,0.0
ESO DET TLM2 NAME,txt,1076,67.9,0,0.0
ESO DET TLM2 START,num,1076,67.9,0,0.0
ESO DET TLM3 END,num,1076,67.9,0,0.0
ESO DET TLM3 ID,txt,1076,67.9,0,0.0
ESO DET TLM3 NAME,txt,1076,67.9,0,0.0
ESO DET TLM3 START,num,1076,67.9,0,0.0
ESO DET TLM4 END,num,1076,67.9,0,0.0
ESO DET TLM4 ID,txt,1076,67.9,0,0.0
ESO DET TLM4 NAME,txt,1076,67.9,0,0.0
ESO DET TLM4 START,num,1076,67.9,0,0.0
ESO DET WIN1 ST,bool,1076,67.9,0,0.0
OBSERVER,solo_nulo,628,39.6,628,100.0
ESO OBS CONTAINER ID,num,628,39.6,0,0.0
ESO OBS CONTAINER TYPE,txt,628,39.6,0,0.0
ESO OBS EXECTIME,num,628,39.6,0,0.0
ESO OBS OBSERVER,solo_nulo,628,39.6,628,100.0
ESO OCS DET1 IMGNAME,txt,597,37.7,0,0.0
ESO OBS CONTAINER PARENT ID,num,570,36.0,0,0.0
ESO OBS CONTAINER PARENT TYPE,txt,570,36.0,0,0.0
ESO OCS DET2 IMGNAME,txt,479,30.2,0,0.0
ESO DET CHIP GAIN,num,323,20.4,0,0.0
ESO DET CHIP ID,txt,323,20.4,0,0.0
ESO DET CHIP NAME,txt,323,20.4,0,0.0
ESO DET CHIP NX,num,323,20.4,0,0.0
ESO DET CHIP NY,num,323,20.4,0,0.0
ESO DET CHIP PXSPACE,num,323,20.4,0,0.0
ESO DET CHIP RON,num,323,20.4,0,0.0
ESO DET CHIP TYPE,txt,323,20.4,0,0.0
ESO DET CHOP FREQ,num,323,20.4,0,0.0
ESO DET CON OPMODE,txt,323,20.4,0,0.0
ESO DET DIT,num,323,20.4,0,0.0
ESO DET DITDELAY,num,323,20.4,0,0.0
ESO DET EXP NAME,txt,323,20.4,0,0.0
ESO DET EXP UTC,txt,323,20.4,0,0.0
ESO DET FILE CUBE ST,bool,323,20.4,0,0.0
ESO DET FRAM NO,num,323,20.4,0,0.0
ESO DET FRAM UTC,txt,323,20.4,0,0.0
ESO DET IRACE ADC1 DELAY,num,323,20.4,0,0.0
ESO DET IRACE ADC1 ENABLE,num,323,20.4,0,0.0
ESO DET IRACE ADC1 FILTER1,num,323,20.4,0,0.0
ESO DET IRACE ADC1 FILTER2,num,323,20.4,0,0.0
ESO DET IRACE ADC1 HEADER,num,323,20.4,0,0.0
ESO DET IRACE ADC1 NAME,txt,323,20.4,0,0.0
ESO DET IRACE ADC2 DELAY,num,323,20.4,0,0.0
ESO DET IRACE ADC2 ENABLE,num,323,20.4,0,0.0
ESO DET IRACE ADC2 FILTER1,num,323,20.4,0,0.0
ESO DET IRACE ADC2 FILTER2,num,323,20.4,0,0.0
ESO DET IRACE ADC2 HEADER,num,323,20.4,0,0.0
ESO DET IRACE ADC2 NAME,txt,323,20.4,0,0.0
ESO DET IRACE SEQCONT,bool,323,20.4,0,0.0
ESO DET MINDIT,num,323,20.4,0,0.0
ESO DET MODE NAME,solo_nulo,323,20.4,323,100.0
ESO DET NCORRS,num,323,20.4,0,0.0
ESO DET NCORRS NAME,txt,323,20.4,0,0.0
ESO DET NDIT,num,323,20.4,0,0.0
ESO DET NDITSKIP,num,323,20.4,0,0.0
ESO DET NDSAMPLES,num,323,20.4,0,0.0
ESO DET NDSKIP,num,323,20.4,0,0.0
ESO DET RSPEED,num,323,20.4,0,0.0
ESO DET RSPEEDADD,num,323,20.4,0,0.0
ESO DET SATLEVEL,num,323,20.4,0,0.0
ESO DET VOLT1 CLKHI1,num,323,20.4,0,0.0
ESO DET VOLT1 CLKHI10,num,323,20.4,0,0.0
ESO DET VOLT1 CLKHI11,num,323,20.4,0,0.0
ESO DET VOLT1 CLKHI12,num,323,20.4,0,0.0
ESO DET VOLT1 CLKHI13,num,323,20.4,0,0.0
ESO DET VOLT1 CLKHI14,num,323,20.4,0,0.0
ESO DET VOLT1 CLKHI15,num,323,20.4,0,0.0
ESO DET VOLT1 CLKHI16,num,323,20.4,0,0.0
ESO DET VOLT1 CLKHI2,num,323,20.4,0,0.0
ESO DET VOLT1 CLKHI3,num,323,20.4,0,0.0
ESO DET VOLT1 CLKHI4,num,323,20.4,0,0.0
ESO DET VOLT1 CLKHI5,num,323,20.4,0,0.0
ESO DET VOLT1 CLKHI6,num,323,20.4,0,0.0
ESO DET VOLT1 CLKHI7,num,323,20.4,0,0.0
ESO DET VOLT1 CLKHI8,num,323,20.4,0,0.0
ESO DET VOLT1 CLKHI9,num,323,20.4,0,0.0
ESO DET VOLT1 CLKHINM1,txt,323,20.4,0,0.0
ESO DET VOLT1 CLKHINM10,txt,323,20.4,0,0.0
ESO DET VOLT1 CLKHINM11,txt,323,20.4,0,0.0
ESO DET VOLT1 CLKHINM12,txt,323,20.4,0,0.0
ESO DET VOLT1 CLKHINM13,txt,323,20.4,0,0.0
ESO DET VOLT1 CLKHINM14,txt,323,20.4,0,0.0
ESO DET VOLT1 CLKHINM15,txt,323,20.4,0,0.0
ESO DET VOLT1 CLKHINM16,txt,323,20.4,0,0.0
ESO DET VOLT1 CLKHINM2,txt,323,20.4,0,0.0
ESO DET VOLT1 CLKHINM3,txt,323,20.4,0,0.0
ESO DET VOLT1 CLKHINM4,txt,323,20.4,0,0.0
ESO DET VOLT1 CLKHINM5,txt,323,20.4,0,0.0
ESO DET VOLT1 CLKHINM6,txt,323,20.4,0,0.0
ESO DET VOLT1 CLKHINM7,txt,323,20.4,0,0.0
ESO DET VOLT1 CLKHINM8,txt,323,20.4,0,0.0
ESO DET VOLT1 CLKHINM9,txt,323,20.4,0,0.0
ESO DET VOLT1 CLKHIT1,num,323,20.4,0,0.0
ESO DET VOLT1 CLKHIT10,num,323,20.4,0,0.0
ESO DET VOLT1 CLKHIT11,num,323,20.4,0,0.0
ESO DET VOLT1 CLKHIT12,num,323,20.4,0,0.0
ESO DET VOLT1 CLKHIT13,num,323,20.4,0,0.0
ESO DET VOLT1 CLKHIT14,num,323,20.4,0,0.0
ESO DET VOLT1 CLKHIT15,num,323,20.4,0,0.0
ESO DET VOLT1 CLKHIT16,num,323,20.4,0,0.0
ESO DET VOLT1 CLKHIT2,num,323,20.4,0,0.0
ESO DET VOLT1 CLKHIT3,num,323,20.4,0,0.0
ESO DET VOLT1 CLKHIT4,num,323,20.4,0,0.0
ESO DET VOLT1 CLKHIT5,num,323,20.4,0,0.0
ESO DET VOLT1 CLKHIT6,num,323,20.4,0,0.0
ESO DET VOLT1 CLKHIT7,num,323,20.4,0,0.0
ESO DET VOLT1 CLKHIT8,num,323,20.4,0,0.0
ESO DET VOLT1 CLKHIT9,num,323,20.4,0,0.0
ESO DET VOLT1 CLKLO1,num,323,20.4,0,0.0
ESO DET VOLT1 CLKLO10,num,323,20.4,0,0.0
ESO DET VOLT1 CLKLO11,num,323,20.4,0,0.0
ESO DET VOLT1 CLKLO12,num,323,20.4,0,0.0
ESO DET VOLT1 CLKLO13,num,323,20.4,0,0.0
ESO DET VOLT1 CLKLO14,num,323,20.4,0,0.0
ESO DET VOLT1 CLKLO15,num,323,20.4,0,0.0
ESO DET VOLT1 CLKLO16,num,323,20.4,0,0.0
ESO DET VOLT1 CLKLO2,num,323,20.4,0,0.0
ESO DET VOLT1 CLKLO3,num,323,20.4,0,0.0
ESO DET VOLT1 CLKLO4,num,323,20.4,0,0.0
ESO DET VOLT1 CLKLO5,num,323,20.4,0,0.0
ESO DET VOLT1 CLKLO6,num,323,20.4,0,0.0
ESO DET VOLT1 CLKLO7,num,323,20.4,0,0.0
ESO DET VOLT1 CLKLO8,num,323,20.4,0,0.0
ESO DET VOLT1 CLKLO9,num,323,20.4,0,0.0
ESO DET VOLT1 CLKLONM1,txt,323,20.4,0,0.0
ESO DET VOLT1 CLKLONM10,txt,323,20.4,0,0.0
ESO DET VOLT1 CLKLONM11,txt,323,20.4,0,0.0
ESO DET VOLT1 CLKLONM12,txt,323,20.4,0,0.0
ESO DET VOLT1 CLKLONM13,txt,323,20.4,0,0.0
ESO DET VOLT1 CLKLONM14,txt,323,20.4,0,0.0
ESO DET VOLT1 CLKLONM15,txt,323,20.4,0,0.0
ESO DET VOLT1 CLKLONM16,txt,323,20.4,0,0.0
ESO DET VOLT1 CLKLONM2,txt,323,20.4,0,0.0
ESO DET VOLT1 CLKLONM3,txt,323,20.4,0,0.0
ESO DET VOLT1 CLKLONM4,txt,323,20.4,0,0.0
ESO DET VOLT1 CLKLONM5,txt,323,20.4,0,0.0
ESO DET VOLT1 CLKLONM6,txt,323,20.4,0,0.0
ESO DET VOLT1 CLKLONM7,txt,323,20.4,0,0.0
ESO DET VOLT1 CLKLONM8,txt,323,20.4,0,0.0
ESO DET VOLT1 CLKLONM9,txt,323,20.4,0,0.0
ESO DET VOLT1 CLKLOT1,num,323,20.4,0,0.0
ESO DET VOLT1 CLKLOT10,num,323,20.4,0,0.0
ESO DET VOLT1 CLKLOT11,num,323,20.4,0,0.0
ESO DET VOLT1 CLKLOT12,num,323,20.4,0,0.0
ESO DET VOLT1 CLKLOT13,num,323,20.4,0,0.0
ESO DET VOLT1 CLKLOT14,num,323,20.4,0,0.0
ESO DET VOLT1 CLKLOT15,num,323,20.4,0,0.0
ESO DET VOLT1 CLKLOT16,num,323,20.4,0,0.0
ESO DET VOLT1 CLKLOT2,num,323,20.4,0,0.0
ESO DET VOLT1 CLKLOT3,num,323,20.4,0,0.0
ESO DET VOLT1 CLKLOT4,num,323,20.4,0,0.0
ESO DET VOLT1 CLKLOT5,num,323,20.4,0,0.0
ESO DET VOLT1 CLKLOT6,num,323,20.4,0,0.0
ESO DET VOLT1 CLKLOT7,num,323,20.4,0,0.0
ESO DET VOLT1 CLKLOT8,num,323,20.4,0,0.0
ESO DET VOLT1 CLKLOT9,num,323,20.4,0,0.0
ESO DET VOLT1 DC1,num,323,20.4,0,0.0
ESO DET VOLT1 DC10,num,323,20.4,0,0.0
ESO DET VOLT1 DC11,num,323,20.4,0,0.0
ESO DET VOLT1 DC12,num,323,20.4,0,0.0
ESO DET VOLT1 DC13,num,323,20.4,0,0.0
ESO DET VOLT1 DC14,num,323,20.4,0,0.0
ESO DET VOLT1 DC15,num,323,20.4,0,0.0
ESO DET VOLT1 DC2,num,323,20.4,0,0.0
ESO DET VOLT1 DC3,num,323,20.4,0,0.0
ESO DET VOLT1 DC4,num,323,20.4,0,0.0
ESO DET VOLT1 DC5,num,323,20.4,0,0.0
ESO DET VOLT1 DC6,num,323,20.4,0,0.0
ESO DET VOLT1 DC7,num,323,20.4,0,0.0
ESO DET VOLT1 DC8,num,323,20.4,0,0.0
ESO DET VOLT1 DC9,num,323,20.4,0,0.0
ESO DET VOLT1 DCNM1,txt,323,20.4,0,0.0
ESO DET VOLT1 DCNM10,txt,323,20.4,0,0.0
ESO DET VOLT1 DCNM11,txt,323,20.4,0,0.0
ESO DET VOLT1 DCNM12,txt,323,20.4,0,0.0
ESO DET VOLT1 DCNM13,txt,323,20.4,0,0.0
ESO DET VOLT1 DCNM14,txt,323,20.4,0,0.0
ESO DET VOLT1 DCNM15,txt,323,20.4,0,0.0
ESO DET VOLT1 DCNM2,txt,323,20.4,0,0.0
ESO DET VOLT1 DCNM3,txt,323,20.4,0,0.0
ESO DET VOLT1 DCNM4,txt,323,20.4,0,0.0
ESO DET VOLT1 DCNM5,txt,323,20.4,0,0.0
ESO DET VOLT1 DCNM6,txt,323,20.4,0,0.0
ESO DET VOLT1 DCNM7,txt,323,20.4,0,0.0
ESO DET VOLT1 DCNM8,txt,323,20.4,0,0.0
ESO DET VOLT1 DCNM9,txt,323,20.4,0,0.0
ESO DET VOLT1 DCTA1,num,323,20.4,0,0.0
ESO DET VOLT1 DCTA10,num,323,20.4,0,0.0
ESO DET VOLT1 DCTA11,num,323,20.4,0,0.0
ESO DET VOLT1 DCTA12,num,323,20.4,0,0.0
ESO DET VOLT1 DCTA13,num,323,20.4,0,0.0
ESO DET VOLT1 DCTA14,num,323,20.4,0,0.0
ESO DET VOLT1 DCTA15,num,323,20.4,0,0.0
ESO DET VOLT1 DCTA2,num,323,20.4,0,0.0
ESO DET VOLT1 DCTA3,num,323,20.4,0,0.0
ESO DET VOLT1 DCTA4,num,323,20.4,0,0.0
ESO DET VOLT1 DCTA5,num,323,20.4,0,0.0
ESO DET VOLT1 DCTA6,num,323,20.4,0,0.0
ESO DET VOLT1 DCTA7,num,323,20.4,0,0.0
ESO DET VOLT1 DCTA8,num,323,20.4,0,0.0
ESO DET VOLT1 DCTA9,num,323,20.4,0,0.0
ESO DET VOLT1 DCTB1,num,323,20.4,0,0.0
ESO DET VOLT1 DCTB10,num,323,20.4,0,0.0
ESO DET VOLT1 DCTB11,num,323,20.4,0,0.0
ESO DET VOLT1 DCTB12,num,323,20.4,0,0.0
ESO DET VOLT1 DCTB13,num,323,20.4,0,0.0
ESO DET VOLT1 DCTB14,num,323,20.4,0,0.0
ESO DET VOLT1 DCTB15,num,323,20.4,0,0.0
ESO DET VOLT1 DCTB2,num,323,20.4,0,0.0
ESO DET VOLT1 DCTB3,num,323,20.4,0,0.0
ESO DET VOLT1 DCTB4,num,323,20.4,0,0.0
ESO DET VOLT1 DCTB5,num,323,20.4,0,0.0
ESO DET VOLT1 DCTB6,num,323,20.4,0,0.0
ESO DET VOLT1 DCTB7,num,323,20.4,0,0.0
ESO DET VOLT1 DCTB8,num,323,20.4,0,0.0
ESO DET VOLT1 DCTB9,num,323,20.4,0,0.0
ESO DET WIN NX,num,323,20.4,0,0.0
ESO DET WIN NY,num,323,20.4,0,0.0
ESO DET WIN STARTX,num,323,20.4,0,0.0
ESO DET WIN STARTY,num,323,20.4,0,0.0
ESO DET WIN TYPE,num,323,20.4,0,0.0
ESO OCS DET3 IMGNAME,txt,323,20.4,0,0.0
ESO OBS AIRM,num,289,18.2,0,0.0
ESO OBS AMBI FWHM,num,289,18.2,0,0.0
ESO OBS AMBI TRANS,txt,289,18.2,0,0.0
ESO OBS AOMODE,txt,289,18.2,0,0.0
ESO OBS MOON DIST,num,289,18.2,0,0.0
ESO OBS MOON FLI,num,289,18.2,0,0.0
ESO OBS TARG NAME,txt,289,18.2,0,0.0
ESO OBS TWILIGHT,num,289,18.2,0,0.0
ESO OBS WATERVAPOUR,num,289,18.2,0,0.0
ESO INS LAMP2 ID,txt,256,16.2,0,0.0
ESO INS LAMP2 NAME,txt,256,16.2,0,0.0
ESO INS LAMP2 ST,bool,256,16.2,0,0.0
RA,num,189,11.9,0,0.0
DEC,num,189,11.9,0,0.0
EQUINOX,num,189,11.9,0,0.0
RADECSYS,txt,189,11.9,0,0.0
UTC,num,189,11.9,0,0.0
LST,num,189,11.9,0,0.0
ESO ADA ABSROT END,num,189,11.9,0,0.0
ESO ADA ABSROT PPOS,txt,189,11.9,0,0.0
ESO ADA ABSROT START,num,189,11.9,0,0.0
ESO ADA GUID STATUS,txt,189,11.9,0,0.0
ESO ADA POSANG,num,189,11.9,0,0.0
ESO TEL AIRM END,num,189,11.9,0,0.0
ESO TEL AIRM START,num,189,11.9,0,0.0
ESO TEL ALT,num,189,11.9,0,0.0
ESO TEL AMBI FWHM END,num,189,11.9,0,0.0
ESO TEL AMBI FWHM START,num,189,11.9,0,0.0
ESO TEL AMBI IRSKY TEMP,num,189,11.9,0,0.0
ESO TEL AMBI IWV END,num,189,11.9,0,0.0
ESO TEL AMBI IWV START,num,189,11.9,0,0.0
ESO TEL AMBI IWV30D END,num,189,11.9,0,0.0
ESO TEL AMBI IWV30D START,num,189,11.9,0,0.0
ESO TEL AMBI IWV30DSTD END,num,189,11.9,0,0.0
ESO TEL AMBI IWV30DSTD START,num,189,11.9,0,0.0
ESO TEL AMBI IWVSTD END,num,189,11.9,0,0.0
ESO TEL AMBI IWVSTD START,num,189,11.9,0,0.0
ESO TEL AMBI PRES END,num,189,11.9,0,0.0
ESO TEL AMBI PRES START,num,189,11.9,0,0.0
ESO TEL AMBI RHUM,num,189,11.9,0,0.0
ESO TEL AMBI TAU0,num,189,11.9,0,0.0
ESO TEL AMBI TEMP,num,189,11.9,0,0.0
ESO TEL AMBI WINDDIR,num,189,11.9,0,0.0
ESO TEL AMBI WINDSP,num,189,11.9,0,0.0
ESO TEL AZ,num,189,11.9,0,0.0
ESO TEL CHOP ST,bool,189,11.9,0,0.0
ESO TEL DATE,txt,189,11.9,0,0.0
ESO TEL DID,txt,189,11.9,0,0.0
ESO TEL DOME STATUS,txt,189,11.9,0,0.0
ESO TEL FO POS,num,189,11.9,0,0.0
ESO TEL FOCU ID,txt,189,11.9,0,0.0
ESO TEL FOCU LEN,num,189,11.9,0,0.0
ESO TEL FOCU SCALE,num,189,11.9,0,0.0
ESO TEL FOCU VALUE,num,189,11.9,0,0.0
ESO TEL GEOELEV,num,189,11.9,0,0.0
ESO TEL GEOLAT,num,189,11.9,0,0.0
ESO TEL GEOLON,num,189,11.9,0,0.0
ESO TEL IA FWHM,num,189,11.9,0,0.0
ESO TEL IA FWHMLIN,num,189,11.9,0,0.0
ESO TEL IA FWHMLINOBS,num,189,11.9,0,0.0
ESO TEL ID,txt,189,11.9,0,0.0
ESO TEL MOON ALT,num,189,11.9,0,0.0
ESO TEL MOON AZ,num,189,11.9,0,0.0
ESO TEL MOON DEC,num,189,11.9,0,0.0
ESO TEL MOON DIST,num,189,11.9,0,0.0
ESO TEL MOON FLI,num,189,11.9,0,0.0
ESO TEL MOON PHASE,txt,189,11.9,0,0.0
ESO TEL MOON RA,num,189,11.9,0,0.0
ESO TEL OPER,txt,189,11.9,0,0.0
ESO TEL PARANG END,num,189,11.9,0,0.0
ESO TEL PARANG START,num,189,11.9,0,0.0
ESO TEL TARG ALPHA,num,189,11.9,0,0.0
ESO TEL TARG COORDTYPE,txt,189,11.9,0,0.0
ESO TEL TARG DELTA,num,189,11.9,0,0.0
ESO TEL TARG EPOCH,num,189,11.9,0,0.0
ESO TEL TARG EPOCHSYSTEM,txt,189,11.9,0,0.0
ESO TEL TARG EQUINOX,num,189,11.9,0,0.0
ESO TEL TARG PARALLAX,num,189,11.9,0,0.0
ESO TEL TARG PMA,num,189,11.9,0,0.0
ESO TEL TARG PMD,num,189,11.9,0,0.0
ESO TEL TARG RADVEL,num,189,11.9,0,0.0
ESO TEL TH M1 TEMP,num,189,11.9,0,0.0
ESO TEL TRAK STATUS,txt,189,11.9,0,0.0
CD1_1,num,185,11.7,0,0.0
CD2_1,num,185,11.7,0,0.0
CD1_2,num,185,11.7,0,0.0
CD2_2,num,185,11.7,0,0.0
ESO DET CHIP FRMXFER,bool,185,11.7,0,0.0
ESO DET CHIP MPP,bool,185,11.7,0,0.0
ESO DET EXP DUMDIT,num,185,11.7,0,0.0
ESO DET OUT1 GAININD,num,185,11.7,0,0.0
ESO DET READ PIXTIME,num,185,11.7,0,0.0
ESO OCS ARM,txt,185,11.7,0,0.0
ESO OCS DET4 IMGNAME,txt,185,11.7,0,0.0
ESO INS LAMP3 ID,txt,113,7.1,0,0.0
ESO INS LAMP3 NAME,txt,113,7.1,0,0.0
ESO INS LAMP3 ST,bool,113,7.1,0,0.0
ESO INS LAMP4 ID,txt,113,7.1,0,0.0
ESO INS LAMP4 NAME,txt,113,7.1,0,0.0
ESO INS LAMP4 ST,bool,113,7.1,0,0.0
ESO INS LAMP5 ID,txt,108,6.8,0,0.0
ESO INS LAMP5 NAME,txt,108,6.8,0,0.0
ESO INS LAMP5 ST,bool,108,6.8,0,0.0
ESO INS LAMP6 ID,txt,108,6.8,0,0.0
ESO INS LAMP6 NAME,txt,108,6.8,0,0.0
ESO INS LAMP6 ST,bool,108,6.8,0,0.0
ESO ADA GUID DEC,num,103,6.5,0,0.0
ESO ADA GUID RA,num,103,6.5,0,0.0
ESO DET EXP PROCTIM,num,65,4.1,0,0.0
ESO INS LAMP1 ID,txt,20,1.3,0,0.0
ESO INS LAMP1 NAME,txt,20,1.3,0,0.0
ESO INS LAMP1 ST,bool,20,1.3,0,0.0
ESO SEQ CUMOFF DEC,num,18,1.1,0,0.0
ESO SEQ CUMOFF RA,num,18,1.1,0,0.0
ESO SEQ CUMOFF X,num,18,1.1,0,0.0
ESO SEQ CUMOFF Y,num,18,1.1,0,0.0
ESO SEQ JITTER WIDTH,num,18,1.1,0,0.0
ESO SEQ NOD THROW,num,18,1.1,0,0.0
ESO SEQ RELOFF DEC,num,18,1.1,0,0.0
ESO SEQ RELOFF RA,num,18,1.1,0,0.0
ESO INS UVBFOCUS ENC,num,6,0.4,0,0.0
