campo,distintos,outliers_frec<=2,valores_totales,pct_outliers_sobre_distintos,unico_por_archivo
DATE,1584,1584,1584,100.0,True
DATE-OBS,1584,1584,1584,100.0,True
ARCFILE,1584,1584,1584,100.0,True
CHECKSUM,1584,1584,1584,100.0,True
DATASUM,1584,1584,1584,100.0,True
ORIGFILE,1505,1505,1584,100.0,False
ESO DET EXP UTC,323,323,323,100.0,True
ESO DET FRAM UTC,323,323,323,100.0,True
ESO DET EXP NAME,297,297,323,100.0,False
ESO TPL START,190,61,1584,32.1,False
ESO OBS START,41,0,1584,0.0,False
ESO OBS NAME,30,0,1584,0.0,False
ESO TPL ID,26,0,1584,0.0,False
ESO TPL PRESEQ,23,0,1584,0.0,False
ESO OBS TARG NAME,18,0,289,0.0,False
OBJECT,16,0,1584,0.0,False
ESO DPR TYPE,16,0,1584,0.0,False
ESO OCS DET1 IMGNAME,12,0,597,0.0,False
ESO TPL VERSION,12,0,1584,0.0,False
ESO OCS DET2 IMGNAME,12,0,479,0.0,False
ESO INS OPTI5 ID,11,0,1584,0.0,False
ESO INS OPTI5 NAME,11,0,1584,0.0,False
ESO OBS PROG ID,11,0,1584,0.0,False
ESO INS FILT1 ID,10,0,1584,0.0,False
ESO INS FILT1 NAME,10,0,1584,0.0,False
ESO OCS DET3 IMGNAME,10,0,323,0.0,False
ESO INS OPTI3 ID,9,0,1584,0.0,False
ESO INS OPTI3 NAME,9,0,1584,0.0,False
ESO INS OPTI4 ID,9,0,1584,0.0,False
ESO INS OPTI4 NAME,9,0,1584,0.0,False
ESO DET READ CLOCK,8,0,1261,0.0,False
ESO TPL NAME,8,0,1584,0.0,False
ESO DPR TECH,7,0,1584,0.0,False
ESO INS OPTI2 ID,5,0,1584,0.0,False
ESO INS OPTI2 NAME,5,0,1584,0.0,False
ESO DET FRAM TYPE,4,0,1584,0.0,False
ESO DET READ SPEED,4,0,1261,0.0,False
ESO INS MODE,4,0,1584,0.0,False
ESO INS PATH,4,0,1584,0.0,False
ESO OBS CONTAINER TYPE,4,0,628,0.0,False
ESO SEQ ARM,4,0,1584,0.0,False
ESO DET CHIP1 ID,3,0,1261,0.0,False
ESO DET CHIP1 NAME,3,0,1261,0.0,False
ESO DET DID,3,0,1584,0.0,False
ESO DET EXP TYPE,3,0,1261,0.0,False
ESO DET NAME,3,0,1261,0.0,False
ESO DET OUT1 NAME,3,0,1261,0.0,False
ESO INS MIRR1 ID,3,0,1484,0.0,False
ESO INS MIRR1 NAME,3,0,1484,0.0,False
ESO OBS AMBI TRANS,3,0,289,0.0,False
ESO OCS DET4 IMGNAME,3,0,185,0.0,False
TELESCOP,2,0,1584,0.0,False
ESO ADA GUID STATUS,2,0,189,0.0,False
ESO DET DATE,2,0,1261,0.0,False
ESO DET ID,2,0,1261,0.0,False
ESO DET OUT1 ID,2,0,1076,0.0,False
ESO INS ADC1 MODE,2,0,1584,0.0,False
ESO INS ADC2 MODE,2,0,1584,0.0,False
ESO INS ADC3 MODE,2,0,1584,0.0,False
ESO INS ADC4 MODE,2,0,1584,0.0,False
ESO INS TILT1 MODE,2,0,1584,0.0,False
ESO INS TILT2 MODE,2,0,1584,0.0,False
ESO INS TILT3 MODE,2,0,1584,0.0,False
ESO TEL DOME STATUS,2,0,189,0.0,False
ESO TEL MOON PHASE,2,0,189,0.0,False
ORIGIN,1,0,1584,0.0,False
INSTRUME,1,0,1584,0.0,False
RADECSYS,1,0,189,0.0,False
CTYPE1,1,0,1261,0.0,False
CTYPE2,1,0,1261,0.0,False
ESO ADA ABSROT PPOS,1,0,189,0.0,False
ESO DET CHIP1 DATE,1,0,1076,0.0,False
ESO DET READ MODE,1,0,1261,0.0,False
ESO DET SHUT ID,1,0,1076,0.0,False
ESO DET SHUT TYPE,1,0,1076,0.0,False
ESO DET SOFW MODE,1,0,1261,0.0,False
ESO DET TLM1 ID,1,0,1076,0.0,False
ESO DET TLM1 NAME,1,0,1076,0.0,False
ESO DET TLM2 ID,1,0,1076,0.0,False
ESO DET TLM2 NAME,1,0,1076,0.0,False
ESO DET TLM3 ID,1,0,1076,0.0,False
ESO DET TLM3 NAME,1,0,1076,0.0,False
ESO DET TLM4 ID,1,0,1076,0.0,False
ESO DET TLM4 NAME,1,0,1076,0.0,False
ESO DPR CATG,1,0,1584,0.0,False
ESO INS DATE,1,0,1584,0.0,False
ESO INS DID1,1,0,1584,0.0,False
ESO INS DID2,1,0,1584,0.0,False
ESO INS ID,1,0,1584,0.0,False
ESO INS LAMP2 ID,1,0,256,0.0,False
ESO INS LAMP2 NAME,1,0,256,0.0,False
ESO INS OPTI2 TYPE,1,0,1584,0.0,False
ESO INS OPTI3 TYPE,1,0,1584,0.0,False
ESO INS OPTI4 TYPE,1,0,1584,0.0,False
ESO INS OPTI5 TYPE,1,0,1584,0.0,False
ESO INS SENS21 ID,1,0,1584,0.0,False
ESO INS SENS21 NAME,1,0,1584,0.0,False
ESO INS SENS60 ID,1,0,1584,0.0,False
ESO INS SENS60 NAME,1,0,1584,0.0,False
ESO INS SENS81 ID,1,0,1584,0.0,False
ESO INS SENS81 NAME,1,0,1584,0.0,False
ESO INS SENS82 ID,1,0,1584,0.0,False
ESO INS SENS82 NAME,1,0,1584,0.0,False
ESO INS SENSOR1 ID,1,0,1584,0.0,False
ESO INS SENSOR1 NAME,1,0,1584,0.0,False
ESO INS SENSOR4 ID,1,0,1584,0.0,False
ESO INS SENSOR4 NAME,1,0,1584,0.0,False
ESO INS SENSOR5 ID,1,0,1584,0.0,False
ESO INS SENSOR5 NAME,1,0,1584,0.0,False
ESO INS SENSOR6 ID,1,0,1584,0.0,False
ESO INS SENSOR6 NAME,1,0,1584,0.0,False
ESO INS SENSOR7 ID,1,0,1584,0.0,False
ESO INS SENSOR7 NAME,1,0,1584,0.0,False
ESO INS SHUT1 ID,1,0,1584,0.0,False
ESO INS SHUT1 NAME,1,0,1584,0.0,False
ESO INS SWSIM,1,0,1584,0.0,False
ESO INS TEMP1 ID,1,0,1584,0.0,False
ESO INS TEMP1 NAME,1,0,1584,0.0,False
ESO INS TEMP10 ID,1,0,1584,0.0,False
ESO INS TEMP10 NAME,1,0,1584,0.0,False
ESO INS TEMP11 ID,1,0,1584,0.0,False
ESO INS TEMP11 NAME,1,0,1584,0.0,False
ESO INS TEMP2 ID,1,0,1584,0.0,False
ESO INS TEMP2 NAME,1,0,1584,0.0,False
ESO INS TEMP21 ID,1,0,1584,0.0,False
ESO INS TEMP21 NAME,1,0,1584,0.0,False
ESO INS TEMP22 ID,1,0,1584,0.0,False
ESO INS TEMP22 NAME,1,0,1584,0.0,False
ESO INS TEMP23 ID,1,0,1584,0.0,False
ESO INS TEMP23 NAME,1,0,1584,0.0,False
ESO INS TEMP24 ID,1,0,1584,0.0,False
ESO INS TEMP24 NAME,1,0,1584,0.0,False
ESO INS TEMP3 ID,1,0,1584,0.0,False
ESO INS TEMP3 NAME,1,0,1584,0.0,False
ESO INS TEMP4 ID,1,0,1584,0.0,False
ESO INS TEMP4 NAME,1,0,1584,0.0,False
ESO INS TEMP5 ID,1,0,1584,0.0,False
ESO INS TEMP5 NAME,1,0,1584,0.0,False
ESO INS TEMP6 ID,1,0,1584,0.0,False
ESO INS TEMP6 NAME,1,0,1584,0.0,False
ESO INS TEMP7 ID,1,0,1584,0.0,False
ESO INS TEMP7 NAME,1,0,1584,0.0,False
ESO INS TEMP8 ID,1,0,1584,0.0,False
ESO INS TEMP8 NAME,1,0,1584,0.0,False
ESO INS TEMP80 ID,1,0,1584,0.0,False
ESO INS TEMP80 NAME,1,0,1584,0.0,False
ESO INS TEMP81 ID,1,0,1584,0.0,False
ESO INS TEMP81 NAME,1,0,1584,0.0,False
ESO INS TEMP82 ID,1,0,1584,0.0,False
ESO INS TEMP82 NAME,1,0,1584,0.0,False
ESO INS TEMP83 ID,1,0,1584,0.0,False
ESO INS TEMP83 NAME,1,0,1584,0.0,False
ESO INS TEMP84 ID,1,0,1584,0.0,False
ESO INS TEMP84 NAME,1,0,1584,0.0,False
ESO INS TEMP85 ID,1,0,1584,0.0,False
ESO INS TEMP85 NAME,1,0,1584,0.0,False
ESO INS TEMP86 ID,1,0,1584,0.0,False
ESO INS TEMP86 NAME,1,0,1584,0.0,False
ESO INS TEMP9 ID,1,0,1584,0.0,False
ESO INS TEMP9 NAME,1,0,1584,0.0,False
ESO INS TEMP90 ID,1,0,1584,0.0,False
ESO INS TEMP90 NAME,1,0,1584,0.0,False
ESO INS TILT1 ID,1,0,1584,0.0,False
ESO INS TILT1 NAME,1,0,1584,0.0,False
ESO INS TILT2 ID,1,0,1584,0.0,False
ESO INS TILT2 NAME,1,0,1584,0.0,False
ESO INS TILT3 ID,1,0,1584,0.0,False
ESO INS TILT3 NAME,1,0,1584,0.0,False
ESO OBS AOMODE,1,0,289,0.0,False
ESO OBS CONTAINER PARENT TYPE,1,0,570,0.0,False
ESO OBS DID,1,0,1584,0.0,False
ESO OBS GRP,1,0,1584,0.0,False
ESO TEL DATE,1,0,189,0.0,False
ESO TEL DID,1,0,189,0.0,False
ESO TEL FOCU ID,1,0,189,0.0,False
ESO TEL ID,1,0,189,0.0,False
ESO TEL OPER,1,0,189,0.0,False
ESO TEL TARG COORDTYPE,1,0,189,0.0,False
ESO TEL TARG EPOCHSYSTEM,1,0,189,0.0,False
ESO TEL TRAK STATUS,1,0,189,0.0,False
ESO TPL DID,1,0,1584,0.0,False
ESO DET CHIP ID,1,0,323,0.0,False
ESO DET CHIP NAME,1,0,323,0.0,False
ESO DET CHIP TYPE,1,0,323,0.0,False
ESO DET CON OPMODE,1,0,323,0.0,False
ESO DET IRACE ADC1 NAME,1,0,323,0.0,False
ESO DET IRACE ADC2 NAME,1,0,323,0.0,False
ESO DET NCORRS NAME,1,0,323,0.0,False
ESO DET VOLT1 CLKHINM1,1,0,323,0.0,False
ESO DET VOLT1 CLKHINM10,1,0,323,0.0,False
ESO DET VOLT1 CLKHINM11,1,0,323,0.0,False
ESO DET VOLT1 CLKHINM12,1,0,323,0.0,False
ESO DET VOLT1 CLKHINM13,1,0,323,0.0,False
ESO DET VOLT1 CLKHINM14,1,0,323,0.0,False
ESO DET VOLT1 CLKHINM15,1,0,323,0.0,False
ESO DET VOLT1 CLKHINM16,1,0,323,0.0,False
ESO DET VOLT1 CLKHINM2,1,0,323,0.0,False
ESO DET VOLT1 CLKHINM3,1,0,323,0.0,False
ESO DET VOLT1 CLKHINM4,1,0,323,0.0,False
ESO DET VOLT1 CLKHINM5,1,0,323,0.0,False
ESO DET VOLT1 CLKHINM6,1,0,323,0.0,False
ESO DET VOLT1 CLKHINM7,1,0,323,0.0,False
ESO DET VOLT1 CLKHINM8,1,0,323,0.0,False
ESO DET VOLT1 CLKHINM9,1,0,323,0.0,False
ESO DET VOLT1 CLKLONM1,1,0,323,0.0,False
ESO DET VOLT1 CLKLONM10,1,0,323,0.0,False
ESO DET VOLT1 CLKLONM11,1,0,323,0.0,False
ESO DET VOLT1 CLKLONM12,1,0,323,0.0,False
ESO DET VOLT1 CLKLONM13,1,0,323,0.0,False
ESO DET VOLT1 CLKLONM14,1,0,323,0.0,False
ESO DET VOLT1 CLKLONM15,1,0,323,0.0,False
ESO DET VOLT1 CLKLONM16,1,0,323,0.0,False
ESO DET VOLT1 CLKLONM2,1,0,323,0.0,False
ESO DET VOLT1 CLKLONM3,1,0,323,0.0,False
ESO DET VOLT1 CLKLONM4,1,0,323,0.0,False
ESO DET VOLT1 CLKLONM5,1,0,323,0.0,False
ESO DET VOLT1 CLKLONM6,1,0,323,0.0,False
ESO DET VOLT1 CLKLONM7,1,0,323,0.0,False
ESO DET VOLT1 CLKLONM8,1,0,323,0.0,False
ESO DET VOLT1 CLKLONM9,1,0,323,0.0,False
ESO DET VOLT1 DCNM1,1,0,323,0.0,False
ESO DET VOLT1 DCNM10,1,0,323,0.0,False
ESO DET VOLT1 DCNM11,1,0,323,0.0,False
ESO DET VOLT1 DCNM12,1,0,323,0.0,False
ESO DET VOLT1 DCNM13,1,0,323,0.0,False
ESO DET VOLT1 DCNM14,1,0,323,0.0,False
ESO DET VOLT1 DCNM15,1,0,323,0.0,False
ESO DET VOLT1 DCNM2,1,0,323,0.0,False
ESO DET VOLT1 DCNM3,1,0,323,0.0,False
ESO DET VOLT1 DCNM4,1,0,323,0.0,False
ESO DET VOLT1 DCNM5,1,0,323,0.0,False
ESO DET VOLT1 DCNM6,1,0,323,0.0,False
ESO DET VOLT1 DCNM7,1,0,323,0.0,False
ESO DET VOLT1 DCNM8,1,0,323,0.0,False
ESO DET VOLT1 DCNM9,1,0,323,0.0,False
PI-COI,1,0,956,0.0,False
ESO OBS PI-COI NAME,1,0,956,0.0,False
ESO OCS ARM,1,0,185,0.0,False
ESO INS LAMP3 ID,1,0,113,0.0,False
ESO INS LAMP3 NAME,1,0,113,0.0,False
ESO INS LAMP4 ID,1,0,113,0.0,False
ESO INS LAMP4 NAME,1,0,113,0.0,False
ESO INS LAMP5 ID,1,0,108,0.0,False
ESO INS LAMP5 NAME,1,0,108,0.0,False
ESO INS LAMP6 ID,1,0,108,0.0,False
ESO INS LAMP6 NAME,1,0,108,0.0,False
ESO INS LAMP1 ID,1,0,20,0.0,False
ESO INS LAMP1 NAME,1,0,20,0.0,False
