campo,varianza
ESO OBS ID,1346974028543265.2
ESO OBS CONTAINER ID,2874024980559.346
ESO TEL TARG DELTA,69920194543.4784
ESO INS ADC4 DEC,11748849271.82852
ESO INS ADC1 DEC,11748849271.828247
ESO INS ADC2 DEC,11748849271.828247
ESO INS ADC3 DEC,11748849271.828247
ESO TEL TARG ALPHA,6231844330.526403
ESO INS ADC1 RA,3905377047.6928625
ESO INS ADC2 RA,3905377047.6928625
ESO INS ADC3 RA,3905377047.6928625
ESO INS ADC4 RA,3905376970.3077445
LST,986139324.8991812
UTC,324715733.224136
ESO INS ADC3 ENC START,232232763.59216255
ESO INS ADC1 ENC START,232224319.94641933
ESO INS ADC1 ENC END,232089919.79949686
ESO INS ADC3 ENC END,232073641.98814064
ESO OBS PI-COI ID,166430134.60179135
ESO INS ADC4 ENC END,40732147.178132795
ESO INS ADC2 ENC END,40719741.687085636
ESO INS ADC4 ENC START,40695669.76988098
ESO INS ADC2 ENC START,40694885.3105913
ESO DET EXP NO,25910865.625552747
ESO OBS EXECTIME,17126855.36552332
ESO INS TILT3 REFRACYST,14604565.154447436
ESO INS TILT2 REFRACYST,14604220.642812686
ESO INS TILT3 REFRACYEND,14602597.165040743
ESO INS TILT2 REFRACYEND,14602250.972205196
ESO INS TILT3 REFRACXST,14599732.059758544
ESO INS TILT2 REFRACXST,14599700.567449542
ESO INS TILT1 REFRACXEND,14599232.916565254
ESO INS TILT2 REFRACXEND,14599078.43164195
ESO INS TILT3 REFRACXEND,14599071.170886714
ESO INS TILT1 REFRACXST,14598609.40767842
ESO INS TILT1 REFRACYEND,14596147.676722523
ESO INS TILT1 REFRACYST,14594204.060248237
ESO DET CHIP1 NY,1600322.3270521003
ESO DET OUT1 NY,1330615.5627556865
ESO DET WIN1 NY,1330615.5627556865
NAXIS2,1222084.853972447
ESO DET OUT1 X,1045423.9953627129
ESO DET WIN1 NX,406057.61148118775
ESO DET OUT1 NX,375757.6402854877
NAXIS1,363685.4028200514
ESO DET CHIP1 NX,276653.3840363531
ESO DET WIN1 DIT1,241192.04526277108
ESO DET WIN1 UIT1,241192.04526277108
ESO DET WIN1 DKTM,241189.27504590427
EXPTIME,195345.04750536475
ESO INS UVBFOCUS ENC,68817.06666666667
ESO DET NDSAMPLES,34549.21281464531
ESO INS FOCU1 ENC,27540.504091770516
ESO ADA ABSROT START,17330.97412664772
ESO ADA ABSROT END,17328.330377236987
ESO ADA GUID RA,15851.16904394946
ESO DET DIT,15285.325202344322
ESO DET MINDIT,15281.191381066326
RA,13974.328134425568
ESO TEL AMBI WINDDIR,9294.01297422042
ESO TEL AZ,8971.264034537036
ESO INS ADC3 START,5469.342092718575
ESO INS ADC1 START,5469.180670348205
ESO INS ADC1 END,5466.298656494965
ESO INS ADC3 END,5465.858981388186
ESO TEL PARANG END,4824.710844031296
ESO TEL PARANG START,4824.591846958967
ESO ADA POSANG,4513.820838687465
ESO TEL MOON AZ,3938.061451751046
ESO TEL MOON RA,1001.035049697847
ESO INS ADC4 END,959.3488428672783
ESO INS ADC2 END,959.195628035467
ESO INS ADC4 START,958.497119617179
ESO INS ADC2 START,958.4510671306351
ESO TEL MOON ALT,938.5673613527381
ESO ADA GUID DEC,881.2578843472796
ESO DET EXP XFERTIM,833.9186226091563
ESO DET RA,787.8980539577877
ESO DET EXP RDTTIME,735.0060320897536
ESO TEL MOON DIST,720.6690448154783
DEC,703.1279422694197
ESO TPL NEXP,524.8362968758973
ESO DET OUT1 PRSCX,386.8231323086993
BITPIX,374.25188077872855
ESO DET OUT1 OVSCX,313.1047921151014
ESO OBS NTPL,312.0845201860679
ESO TPL EXPNO,220.86865496404346
ESO TEL ALT,152.3147701305865
ESO OBS TPLNO,122.3350334520186
ESO DET TLM1 START,80.10779592807124
ESO DET TLM1 END,80.10629591078067
ESO DET DEC,64.05410649350613
ESO TEL MOON DEC,38.655960468030194
ESO DET TLM2 START,31.15393781447219
ESO DET TLM2 END,31.149940235151707
ESO OBS MOON DIST,23.442906574394463
ESO TEL TARG EPOCH,21.41033434650456
ESO TEL AMBI RHUM,12.598784194528875
ESO SEQ RELOFF RA,9.96052533848353
ESO INS OPTI3 NO,9.344799463363898
ESO INS OPTI4 NO,9.212746543131887
ESO TEL AMBI IRSKY TEMP,7.229777102330298
ESO INS OPTI5 NO,6.95167044736691
ESO TEL AMBI WINDSP,6.768062704041427
ESO SEQ CUMOFF Y,6.617647058823529
ESO INS TEMP84 VAL,6.578974897522286
ESO SEQ RELOFF DEC,6.413718001208354
ESO TEL TH M1 TEMP,4.775289789485535
ESO TEL AMBI TEMP,4.714259647641563
ESO SEQ CUMOFF RA,4.021562278433647
ESO INS FILT1 NO,3.828126096722117
MJD-OBS,3.338928488877141
ESO INS TEMP6 VAL,2.97409984478391
ESO INS TEMP5 VAL,2.9639113988909944
ESO INS TEMP4 VAL,2.9635271460259576
ESO INS TEMP8 VAL,2.959369206555447
ESO INS TEMP2 VAL,2.9195714732607176
ESO INS TEMP3 VAL,2.903924005053695
ESO INS TEMP7 VAL,2.90319727466548
ESO INS TEMP1 VAL,2.896872924403542
ESO INS TEMP9 VAL,2.7384163172709406
ESO INS TEMP11 VAL,2.726778678725027
ESO INS TEMP10 VAL,2.6305598626824147
ESO SEQ CUMOFF DEC,2.5960832901042354
ESO INS FOCU1 POS,2.5270774070458217
ESO INS TEMP85 VAL,2.2053524793975763
ESO DET NDIT,1.8980251139357345
ESO DET OUT1 RON,1.8926807295796984
ESO TEL AMBI PRES END,1.4944754024541562
ESO TEL AMBI PRES START,1.4944365642238178
ESO INS MIRR1 NO,1.030321774281029
ESO INS OPTI2 NO,1.014165262862357
ESO TEL AMBI IWV END,0.9138871327254304
ESO TEL AMBI IWV START,0.9124102330293818
ESO TEL AMBI IWV30D START,0.7599046099290782
ESO TEL AMBI IWV30D END,0.7558793819655524
ESO DET CHIP1 PSZX,0.5011391815515527
ESO DET CHIP1 PSZY,0.5011391815515527
ESO INS TILT1 POSYSTART,0.40192821106197796
ESO INS TILT2 POSYSTART,0.3906861971643153
ESO INS TILT3 POSXSTART,0.38390513146268435
ESO INS TILT3 ENGX,0.33258955053655626
ESO DET OUT1 INDEX,0.2472231347799775
ESO DET OUT1 CONAD,0.24285736238560982
CDELT2,0.2399610962220109
ESO OBS AIRM,0.238083910034602
ESO DET WIN1 BINY,0.22464408443789888
ESO DET OUT1 GAIN,0.20731208715682944
CDELT1,0.1734589781274315
ESO INS SENS82 VAL,0.16885658543744467
ESO TEL FOCU VALUE,0.167913001744906
ESO TEL IA FWHMLINOBS,0.16533753799392095
ESO INS TILT2 ENGY,0.15889679871200954
ESO DET WIN1 BINX,0.15422378308976248
CRPIX1,0.12528479538788817
CRPIX2,0.12528479538788817
ESO INS TILT1 POSYEND,0.11813046525544453
ESO INS TILT2 ENGX,0.1046183386929146
ESO INS TILT1 AFCY,0.10160046146198243
ESO OBS AMBI FWHM,0.09580017301038062
ESO INS TILT2 POSYEND,0.09170804335202945
ESO TEL AMBI FWHM END,0.09137670269053248
ESO TEL AMBI FWHM START,0.09042587526736463
ESO INS TILT1 ENGY,0.0744058180095331
ESO INS TILT2 AFCY,0.07337349054944581
ESO TEL AIRM START,0.06631820364741642
ESO TEL AIRM END,0.06589618377800292
ESO TEL IA FWHMLIN,0.062407553754362265
ESO INS TILT3 POSXEND,0.05093559903360835
ESO INS TILT1 ENGX,0.04838328329050134
ESO OBS MOON FLI,0.037592993079584774
ESO TEL MOON FLI,0.03574413926601368
ESO INS TILT2 POSXSTART,0.034626688980774256
ESO INS TILT2 AFCX,0.034276208235226556
ESO INS TILT2 POSXEND,0.03416334202375939
ESO INS TILT3 AFCX,0.03106229604278732
ESO TEL IA FWHM,0.03070987841945288
ESO INS TILT1 POSXSTART,0.013703672811102177
ESO INS TILT1 POSXEND,0.013304026755233954
ESO INS TILT3 POSYEND,0.012720003757968185
ESO INS TILT3 AFCY,0.012668089229311435
ESO INS TILT1 AFCX,0.012262853059575543
ESO INS TILT3 ENGY,0.012163707230230292
ESO INS TILT3 POSYSTART,0.011127026506377738
ESO TEL AMBI IWV30DSTD END,0.0009404142744568277
ESO TEL AMBI IWV30DSTD START,0.0009102330293819656
ESO INS TEMP80 VAL,0.0008961899474849566
ESO TEL TARG PMD,0.0008358264435278622
ESO INS TEMP81 VAL,0.00078192629867844
ESO INS TEMP83 VAL,0.0007808185694596447
ESO INS TEMP82 VAL,0.0006057826767357823
ESO TEL TARG PMA,0.0006028017530243161
ESO TEL AMBI IWVSTD END,0.0003675278622087133
ESO TEL AMBI IWVSTD START,0.00036433637284701123
ESO INS TEMP86 VAL,0.0001858510112974417
ESO DET VOLT1 DCTA11,5.8825723515950995e-06
ESO DET VOLT1 CLKHIT16,5.6449174086108425e-06
ESO DET VOLT1 CLKLOT13,5.521981424148594e-06
ESO DET VOLT1 CLKLOT10,5.396365594292447e-06
ESO DET VOLT1 DCTB11,5.03072822721766e-06
ESO DET VOLT1 CLKHIT6,4.6345860815724565e-06
ESO DET VOLT1 DCTB7,4.0029748283754925e-06
ESO DET VOLT1 CLKHIT10,4.002974828374767e-06
ESO DET VOLT1 CLKLOT9,3.540423437109396e-06
ESO DET VOLT1 CLKLOT12,2.833939965002021e-06
ESO DET VOLT1 DCTB1,2.779458877372099e-06
ESO DET VOLT1 DCTA6,2.4428765648132516e-06
ESO INS TEMP90 VAL,2.407243231431469e-06
ESO DET VOLT1 CLKHIT5,1.5928792569660264e-06
ESO DET VOLT1 CLKLOT15,1.5928792569659453e-06
ESO DET VOLT1 CLKHIT7,1.3989635213351262e-06
ESO DET VOLT1 CLKHIT4,7.22566967290386e-07
ESO DET VOLT1 DCTA2,7.22566967290255e-07
ESO TEL AMBI TAU0,6.248637847574018e-07
ESO DET VOLT1 CLKLOT3,5.106447704940103e-07
ESO DET VOLT1 CLKHIT8,5.106447704939438e-07
ESO DET VOLT1 CLKHIT15,1.48207026517701e-07
ESO DET VOLT1 CLKHIT12,7.433436532508124e-08
ESO DET VOLT1 DCTA13,7.43343653250774e-08
ESO DET VOLT1 DCTA3,7.433436532506776e-08
ESO DET TLM4 START,7.017832806971557e-10
ESO DET TLM4 END,6.985299113073399e-10
ESO INS SENS60 VAL,1.297738700954587e-11
NAXIS,0
BZERO,0.0
BSCALE,0.0
EQUINOX,0.0
CRVAL1,0.0
CRVAL2,0.0
ESO DET BITS,0
ESO DET CHIP1 INDEX,0
ESO DET CHIP1 X,0
ESO DET CHIP1 XGAP,0.0
ESO DET CHIP1 Y,0
ESO DET CHIP1 YGAP,0.0
ESO DET CHIPS,0
ESO DET FRAM ID,0
ESO DET OUT1 CHIP,0
ESO DET OUT1 OVSCY,0
ESO DET OUT1 PRSCY,0
ESO DET OUT1 Y,0
ESO DET OUTPUTS,0
ESO DET OUTREF,0
ESO DET READ NFRAM,0
ESO DET SHUT TMCLOS,0.0
ESO DET SHUT TMOPEN,0.0
ESO DET TELE INT,0.0
ESO DET TELE NO,0
ESO DET TLM3 END,0.0
ESO DET TLM3 START,0.0
ESO DET WIN1 NDIT,0
ESO DET WIN1 STRX,0
ESO DET WIN1 STRY,0
ESO DET WINDOWS,0
ESO INS FOCU2 ENC,0
ESO INS FOCU2 POS,0.0
ESO INS SENS21 VAL,0.0
ESO INS SENS81 VAL,0.0
ESO INS TEMP21 VAL,0.0
ESO INS TEMP22 VAL,0.0
ESO INS TEMP23 VAL,0.0
ESO INS TEMP24 VAL,0.0
ESO INS TILT1 CONVX,0.0
ESO INS TILT1 CONVY,0.0
ESO INS TILT1 OFFSETX,0.0
ESO INS TILT1 OFFSETY,0.0
ESO INS TILT2 CONVX,0.0
ESO INS TILT2 CONVY,0.0
ESO INS TILT2 OFFSETX,0.0
ESO INS TILT2 OFFSETY,0.0
ESO INS TILT3 CONVX,0.0
ESO INS TILT3 CONVY,0.0
ESO INS TILT3 OFFSETX,0.0
ESO INS TILT3 OFFSETY,0.0
ESO OBS CONTAINER PARENT ID,0
ESO OBS TWILIGHT,0
ESO OBS WATERVAPOUR,0.0
ESO TEL FO POS,0.0
ESO TEL FOCU LEN,0.0
ESO TEL FOCU SCALE,0.0
ESO TEL GEOELEV,0.0
ESO TEL GEOLAT,0.0
ESO TEL GEOLON,0.0
ESO TEL TARG EQUINOX,0.0
ESO TEL TARG PARALLAX,0.0
ESO TEL TARG RADVEL,0.0
ESO DET CHIP GAIN,0.0
ESO DET CHIP NX,0
ESO DET CHIP NY,0
ESO DET CHIP PXSPACE,0.0
ESO DET CHIP RON,0.0
ESO DET CHOP FREQ,0.0
ESO DET DITDELAY,0.0
ESO DET FRAM NO,0
ESO DET IRACE ADC1 DELAY,0
ESO DET IRACE ADC1 ENABLE,0
ESO DET IRACE ADC1 FILTER1,0
ESO DET IRACE ADC1 FILTER2,0
ESO DET IRACE ADC1 HEADER,0
ESO DET IRACE ADC2 DELAY,0
ESO DET IRACE ADC2 ENABLE,0
ESO DET IRACE ADC2 FILTER1,0
ESO DET IRACE ADC2 FILTER2,0
ESO DET IRACE ADC2 HEADER,0
ESO DET NCORRS,0
ESO DET NDITSKIP,0
ESO DET NDSKIP,0
ESO DET RSPEED,0
ESO DET RSPEEDADD,0
ESO DET SATLEVEL,0
ESO DET VOLT1 CLKHI1,0.0
ESO DET VOLT1 CLKHI10,0.0
ESO DET VOLT1 CLKHI11,0.0
ESO DET VOLT1 CLKHI12,0.0
ESO DET VOLT1 CLKHI13,0.0
ESO DET VOLT1 CLKHI14,0.0
ESO DET VOLT1 CLKHI15,0.0
ESO DET VOLT1 CLKHI16,0.0
ESO DET VOLT1 CLKHI2,0.0
ESO DET VOLT1 CLKHI3,0.0
ESO DET VOLT1 CLKHI4,0.0
ESO DET VOLT1 CLKHI5,0.0
ESO DET VOLT1 CLKHI6,0.0
ESO DET VOLT1 CLKHI7,0.0
ESO DET VOLT1 CLKHI8,0.0
ESO DET VOLT1 CLKHI9,0.0
ESO DET VOLT1 CLKHIT1,0.0
ESO DET VOLT1 CLKHIT11,0.0
ESO DET VOLT1 CLKHIT13,0.0
ESO DET VOLT1 CLKHIT14,0.0
ESO DET VOLT1 CLKHIT2,0.0
ESO DET VOLT1 CLKHIT3,0.0
ESO DET VOLT1 CLKHIT9,0.0
ESO DET VOLT1 CLKLO1,0.0
ESO DET VOLT1 CLKLO10,0.0
ESO DET VOLT1 CLKLO11,0.0
ESO DET VOLT1 CLKLO12,0.0
ESO DET VOLT1 CLKLO13,0.0
ESO DET VOLT1 CLKLO14,0.0
ESO DET VOLT1 CLKLO15,0.0
ESO DET VOLT1 CLKLO16,0.0
ESO DET VOLT1 CLKLO2,0.0
ESO DET VOLT1 CLKLO3,0.0
ESO DET VOLT1 CLKLO4,0.0
ESO DET VOLT1 CLKLO5,0.0
ESO DET VOLT1 CLKLO6,0.0
ESO DET VOLT1 CLKLO7,0.0
ESO DET VOLT1 CLKLO8,0.0
ESO DET VOLT1 CLKLO9,0.0
ESO DET VOLT1 CLKLOT1,0.0
ESO DET VOLT1 CLKLOT11,0.0
ESO DET VOLT1 CLKLOT14,0.0
ESO DET VOLT1 CLKLOT16,0.0
ESO DET VOLT1 CLKLOT2,0.0
ESO DET VOLT1 CLKLOT4,0.0
ESO DET VOLT1 CLKLOT5,0.0
ESO DET VOLT1 CLKLOT6,0.0
ESO DET VOLT1 CLKLOT7,0.0
ESO DET VOLT1 CLKLOT8,0.0
ESO DET VOLT1 DC1,0.0
ESO DET VOLT1 DC10,0.0
ESO DET VOLT1 DC11,0.0
ESO DET VOLT1 DC12,0.0
ESO DET VOLT1 DC13,0.0
ESO DET VOLT1 DC14,0.0
ESO DET VOLT1 DC15,0.0
ESO DET VOLT1 DC2,0.0
ESO DET VOLT1 DC3,0.0
ESO DET VOLT1 DC4,0.0
ESO DET VOLT1 DC5,0.0
ESO DET VOLT1 DC6,0.0
ESO DET VOLT1 DC7,0.0
ESO DET VOLT1 DC8,0.0
ESO DET VOLT1 DC9,0.0
ESO DET VOLT1 DCTA1,0.0
ESO DET VOLT1 DCTA10,0.0
ESO DET VOLT1 DCTA12,0.0
ESO DET VOLT1 DCTA14,0.0
ESO DET VOLT1 DCTA15,0.0
ESO DET VOLT1 DCTA4,0.0
ESO DET VOLT1 DCTA5,0.0
ESO DET VOLT1 DCTA7,0.0
ESO DET VOLT1 DCTA8,0.0
ESO DET VOLT1 DCTA9,0.0
ESO DET VOLT1 DCTB10,0.0
ESO DET VOLT1 DCTB12,0.0
ESO DET VOLT1 DCTB13,0.0
ESO DET VOLT1 DCTB14,0.0
ESO DET VOLT1 DCTB15,0.0
ESO DET VOLT1 DCTB2,0.0
ESO DET VOLT1 DCTB3,0.0
ESO DET VOLT1 DCTB4,0.0
ESO DET VOLT1 DCTB5,0.0
ESO DET VOLT1 DCTB6,0.0
ESO DET VOLT1 DCTB8,0.0
ESO DET VOLT1 DCTB9,0.0
ESO DET WIN NX,0
ESO DET WIN NY,0
ESO DET WIN STARTX,0.0
ESO DET WIN STARTY,0.0
ESO DET WIN TYPE,0
CD1_1,0.0
CD2_1,0.0
CD1_2,0.0
CD2_2,0.0
ESO DET EXP DUMDIT,0
ESO DET EXP PROCTIM,0.0
ESO DET OUT1 GAININD,0
ESO DET READ PIXTIME,0.0
ESO SEQ CUMOFF X,0.0
ESO SEQ JITTER WIDTH,0.0
ESO SEQ NOD THROW,0.0
